{"cameraMode":{"drawMode":0,"name":"Shaded","section":"Shading Mode"},"sceneLighting":true,"audioPlay":false,"sceneViewState":{"m_AlwaysRefresh":false,"showFog":true,"showSkybox":true,"showFlares":true,"showImageEffects":true,"showParticleSystems":true,"showVisualEffectGraphs":true,"m_FxEnabled":true},"in2DMode":false,"pivot":{"x":0.5503628849983215,"y":2.7405903339385988,"z":-3.281717300415039},"rotation":{"x":0.09523706138134003,"y":-0.11263424903154373,"z":0.010846246033906937,"w":0.9890031814575195},"size":1.2088127136230469,"orthographic":false}